"SYM,MU,SMART"
"SYM,COIN,SMART"
"SYM,S&P 500,SMART"
"SYM,CSCO,SMART"
"SYM,IBM,SMART"
"SYM,ORCL,SMART"
"SYM,WDC,SMART"
"SYM,NTAP,SMART"
"SYM,STX,SMART"
"SYM,GPRO,SMART"
"SYM,KODK,SMART"
"SYM,CMG,SMART"
"SYM,RIVN,SMART"
"SYM,HOOD,SMART"
"SYM,LLY,SMART"
"SYM,QCOM,SMART"
"SYM,DELL,SMART"
"SYM,HPQ,SMART"
"SYM,MSI,SMART"
"SYM,NEE,SMART"
"SYM,ENPH,SMART"
"SYM,FSLR,SMART"
"SYM,LMT,SMART"
"SYM,NOC,SMART"
"SYM,RTX,SMART"
"SYM,SPCE,SMART"
"SYM,LLAP,SMART"
"SYM,TER,SMART"
"SYM,ABBV,SMART"
"SYM,ABT,SMART"
"SYM,CGNX,SMART"
"SYM,MRNA,SMART"
"SYM,GTLB,SMART"
"SYM,GS,SMART"
"SYM,ILMN,SMART"
"SYM,VRTX,SMART"
"SYM,GILD,SMART"
"SYM,REGN,SMART"
"SYM,ADBE,SMART"
"SYM,GOOGL,SMART"
"SYM,DIS,SMART"
"SYM,PYPL,SMART"
"SYM,CRM,SMART"
"SYM,NFLX,SMART"
"SYM,JNJ,SMART"
"SYM,V,SMART"
"SYM,MA,SMART"
"SYM,WMT,SMART"
"SYM,MCD,SMART"
"SYM,JPM,SMART"
"SYM,KO,SMART"
"SYM,NET,SMART"
"SYM,ZM,SMART"
"SYM,ETSY,SMART"
"SYM,SNAP,SMART"
"SYM,CHGG,SMART"
"SYM,PINS,SMART"
"SYM,U,SMART"
"SYM,GOOG,SMART"
"SYM,Dow Jones,SMART"
"SYM,SBUX,SMART"
"SYM,NKE,SMART"
"SYM,MSFT,SMART"
"SYM,NVDA,SMART"
"SYM,AAPL,SMART"
"SYM,TSLA,SMART"
"SYM,META,SMART"
"SYM,UBER,SMART"
"SYM,AMD,SMART"
"SYM,AMZN,SMART"
"SYM,INTC,SMART"
